no,questions,answers
1,What language is spoken in Egypt?,"Arabic is the official language of Egypt, spoken by the entire population of over 100 million citizens. In urban centers and popular tourist destinations, many locals understand and are fluent in English. In tourist areas, other European languages—such as French, Russian, Ukrainian, Spanish, and Italian—are also commonly spoken."
2,What do people speak in Egypt?,"Arabic is the official language of Egypt, spoken by the entire population of over 100 million citizens. In urban centers and popular tourist destinations, many locals understand and are fluent in English. In tourist areas, other European languages—such as French, Russian, Ukrainian, Spanish, and Italian—are also commonly spoken."
3,What's the common language used in Egypt?,"Arabic is the official language of Egypt, spoken by the entire population of over 100 million citizens. In urban centers and popular tourist destinations, many locals understand and are fluent in English. In tourist areas, other European languages—such as French, Russian, Ukrainian, Spanish, and Italian—are also commonly spoken."
4,What language do folks in Egypt generally use?,"Arabic is the official language of Egypt, spoken by the entire population of over 100 million citizens. In urban centers and popular tourist destinations, many locals understand and are fluent in English. In tourist areas, other European languages—such as French, Russian, Ukrainian, Spanish, and Italian—are also commonly spoken."
5,What's the typical language people use in Egypt?,"Arabic is the official language of Egypt, spoken by the entire population of over 100 million citizens. In urban centers and popular tourist destinations, many locals understand and are fluent in English. In tourist areas, other European languages—such as French, Russian, Ukrainian, Spanish, and Italian—are also commonly spoken."
6,"In Egypt, what language do people usually speak?","Arabic is the official language of Egypt, spoken by the entire population of over 100 million citizens. In urban centers and popular tourist destinations, many locals understand and are fluent in English. In tourist areas, other European languages—such as French, Russian, Ukrainian, Spanish, and Italian—are also commonly spoken."
7,"In Egypt, what's the usual language people use to communicate?","Arabic is the official language of Egypt, spoken by the entire population of over 100 million citizens. In urban centers and popular tourist destinations, many locals understand and are fluent in English. In tourist areas, other European languages—such as French, Russian, Ukrainian, Spanish, and Italian—are also commonly spoken."
8,What language is commonly spoken in Egypt?,"Arabic is the official language of Egypt, spoken by the entire population of over 100 million citizens. In urban centers and popular tourist destinations, many locals understand and are fluent in English. In tourist areas, other European languages—such as French, Russian, Ukrainian, Spanish, and Italian—are also commonly spoken."
9,"In Egypt, which language do people usually use for communication?","Arabic is the official language of Egypt, spoken by the entire population of over 100 million citizens. In urban centers and popular tourist destinations, many locals understand and are fluent in English. In tourist areas, other European languages—such as French, Russian, Ukrainian, Spanish, and Italian—are also commonly spoken."
10,What's the language of choice for communication in Egypt?,"Arabic is the official language of Egypt, spoken by the entire population of over 100 million citizens. In urban centers and popular tourist destinations, many locals understand and are fluent in English. In tourist areas, other European languages—such as French, Russian, Ukrainian, Spanish, and Italian—are also commonly spoken."
11,Do we need to learn Arabic or English before visiting Egypt?,"No, it’s not necessary. In urban centers and popular tourist destinations, many locals understand and are fluent in English. Licensed and experienced multilingual tour guides are also available throughout Egypt to conduct private and group tours to museums and archaeological and cultural sites. Additionally, other European languages—such as French, Russian, Ukrainian, Spanish, and Italian—are commonly spoken in popular tourist destinations."
12,Should we learn Arabic or English before we visit Egypt?,"No, it’s not necessary. In urban centers and popular tourist destinations, many locals understand and are fluent in English. Licensed and experienced multilingual tour guides are also available throughout Egypt to conduct private and group tours to museums and archaeological and cultural sites. Additionally, other European languages—such as French, Russian, Ukrainian, Spanish, and Italian—are commonly spoken in popular tourist destinations."
13,Is it necessary to have a grasp of Arabic or English before traveling to Egypt?,"No, it’s not necessary. In urban centers and popular tourist destinations, many locals understand and are fluent in English. Licensed and experienced multilingual tour guides are also available throughout Egypt to conduct private and group tours to museums and archaeological and cultural sites. Additionally, other European languages—such as French, Russian, Ukrainian, Spanish, and Italian—are commonly spoken in popular tourist destinations."
14,Do you have to know Arabic or English before you go to Egypt?,"No, it’s not necessary. In urban centers and popular tourist destinations, many locals understand and are fluent in English. Licensed and experienced multilingual tour guides are also available throughout Egypt to conduct private and group tours to museums and archaeological and cultural sites. Additionally, other European languages—such as French, Russian, Ukrainian, Spanish, and Italian—are commonly spoken in popular tourist destinations."
15,Is learning Arabic or English essential before traveling to Egypt?,"No, it’s not necessary. In urban centers and popular tourist destinations, many locals understand and are fluent in English. Licensed and experienced multilingual tour guides are also available throughout Egypt to conduct private and group tours to museums and archaeological and cultural sites. Additionally, other European languages—such as French, Russian, Ukrainian, Spanish, and Italian—are commonly spoken in popular tourist destinations."
16,"Before visiting Egypt, is it advisable to learn Arabic or English?","No, it’s not necessary. In urban centers and popular tourist destinations, many locals understand and are fluent in English. Licensed and experienced multilingual tour guides are also available throughout Egypt to conduct private and group tours to museums and archaeological and cultural sites. Additionally, other European languages—such as French, Russian, Ukrainian, Spanish, and Italian—are commonly spoken in popular tourist destinations."
17,"Prior to your trip to Egypt, should you consider learning Arabic or English?","No, it’s not necessary. In urban centers and popular tourist destinations, many locals understand and are fluent in English. Licensed and experienced multilingual tour guides are also available throughout Egypt to conduct private and group tours to museums and archaeological and cultural sites. Additionally, other European languages—such as French, Russian, Ukrainian, Spanish, and Italian—are commonly spoken in popular tourist destinations."
18,Is it recommended to have some knowledge of Arabic or English before you go to Egypt?,"No, it’s not necessary. In urban centers and popular tourist destinations, many locals understand and are fluent in English. Licensed and experienced multilingual tour guides are also available throughout Egypt to conduct private and group tours to museums and archaeological and cultural sites. Additionally, other European languages—such as French, Russian, Ukrainian, Spanish, and Italian—are commonly spoken in popular tourist destinations."
19,Would it be a good idea to familiarize yourself with Arabic or English before you visit Egypt?,"No, it’s not necessary. In urban centers and popular tourist destinations, many locals understand and are fluent in English. Licensed and experienced multilingual tour guides are also available throughout Egypt to conduct private and group tours to museums and archaeological and cultural sites. Additionally, other European languages—such as French, Russian, Ukrainian, Spanish, and Italian—are commonly spoken in popular tourist destinations."
20,Is learning a bit of Arabic or English beneficial before you journey to Egypt?,"No, it’s not necessary. In urban centers and popular tourist destinations, many locals understand and are fluent in English. Licensed and experienced multilingual tour guides are also available throughout Egypt to conduct private and group tours to museums and archaeological and cultural sites. Additionally, other European languages—such as French, Russian, Ukrainian, Spanish, and Italian—are commonly spoken in popular tourist destinations."
21,Who can visit Egypt?,"Egypt is open to all travelers from around the world. Tourists coming to Egypt are required to have tourist visas, but these are easy to obtain either upon entry or online, depending on your nationality."
22,Who is eligible to travel to Egypt?,"Egypt is open to all travelers from around the world. Tourists coming to Egypt are required to have tourist visas, but these are easy to obtain either upon entry or online, depending on your nationality."
23,Who has the opportunity to explore Egypt?,"Egypt is open to all travelers from around the world. Tourists coming to Egypt are required to have tourist visas, but these are easy to obtain either upon entry or online, depending on your nationality."
24,Who is welcome to visit Egypt?,"Egypt is open to all travelers from around the world. Tourists coming to Egypt are required to have tourist visas, but these are easy to obtain either upon entry or online, depending on your nationality."
25,Who has the green light to go on a trip to Egypt?,"Egypt is open to all travelers from around the world. Tourists coming to Egypt are required to have tourist visas, but these are easy to obtain either upon entry or online, depending on your nationality."
26,Who is allowed to go for a visit to Egypt?,"Egypt is open to all travelers from around the world. Tourists coming to Egypt are required to have tourist visas, but these are easy to obtain either upon entry or online, depending on your nationality."
27,Who is permitted to travel and explore Egypt?,"Egypt is open to all travelers from around the world. Tourists coming to Egypt are required to have tourist visas, but these are easy to obtain either upon entry or online, depending on your nationality."
28,Who is cleared for a visit to Egypt?,"Egypt is open to all travelers from around the world. Tourists coming to Egypt are required to have tourist visas, but these are easy to obtain either upon entry or online, depending on your nationality."
29,Who has the invitation to tour Egypt?,"Egypt is open to all travelers from around the world. Tourists coming to Egypt are required to have tourist visas, but these are easy to obtain either upon entry or online, depending on your nationality."
30,Who is authorized to go on a journey to Egypt?,"Egypt is open to all travelers from around the world. Tourists coming to Egypt are required to have tourist visas, but these are easy to obtain either upon entry or online, depending on your nationality."
31,How do I obtain an Egyptian tourist visa?,"Over 180 nationalities qualify for getting a tourist visa upon arrival, provided the passport holder has a valid and used visa for the United States of America, the United Kingdom, the Schengen Area (Schengen visa), Japan, Canada, Australia, or New Zealand. Additionally, 78 nationalities qualify for a visa upon arrival or getting an electronic visa via our portal. You can check the full list of eligible countries and apply and pay for your visa online using Egypt’s Visa online application portal, Egypt Visa; through all Egyptian Consulates; or get your visa upon arrival for 25 USD from the bank counter in the passport control area at the airport. If you’re travelling to Sharm al-Sheikh, Dahab, Nuweiba, and Taba for up to 15 days, you will receive a free entry permit stamp upon arrival. If you intend to travel out of these areas or stay longer than 15 days, you must get a visa. Some nationalities are required to process their visa applications through their nearest consulate ahead of their trip to Egypt."
32,What's the process for obtaining a tourist visa for Egypt?,"Over 180 nationalities qualify for getting a tourist visa upon arrival, provided the passport holder has a valid and used visa for the United States of America, the United Kingdom, the Schengen Area (Schengen visa), Japan, Canada, Australia, or New Zealand. Additionally, 78 nationalities qualify for a visa upon arrival or getting an electronic visa via our portal. You can check the full list of eligible countries and apply and pay for your visa online using Egypt’s Visa online application portal, Egypt Visa; through all Egyptian Consulates; or get your visa upon arrival for 25 USD from the bank counter in the passport control area at the airport. If you’re travelling to Sharm al-Sheikh, Dahab, Nuweiba, and Taba for up to 15 days, you will receive a free entry permit stamp upon arrival. If you intend to travel out of these areas or stay longer than 15 days, you must get a visa. Some nationalities are required to process their visa applications through their nearest consulate ahead of their trip to Egypt."
33,How can I acquire a tourist visa for Egypt?,"Over 180 nationalities qualify for getting a tourist visa upon arrival, provided the passport holder has a valid and used visa for the United States of America, the United Kingdom, the Schengen Area (Schengen visa), Japan, Canada, Australia, or New Zealand. Additionally, 78 nationalities qualify for a visa upon arrival or getting an electronic visa via our portal. You can check the full list of eligible countries and apply and pay for your visa online using Egypt’s Visa online application portal, Egypt Visa; through all Egyptian Consulates; or get your visa upon arrival for 25 USD from the bank counter in the passport control area at the airport. If you’re travelling to Sharm al-Sheikh, Dahab, Nuweiba, and Taba for up to 15 days, you will receive a free entry permit stamp upon arrival. If you intend to travel out of these areas or stay longer than 15 days, you must get a visa. Some nationalities are required to process their visa applications through their nearest consulate ahead of their trip to Egypt."
34,What steps do I need to take to get an Egyptian tourist visa?,"Over 180 nationalities qualify for getting a tourist visa upon arrival, provided the passport holder has a valid and used visa for the United States of America, the United Kingdom, the Schengen Area (Schengen visa), Japan, Canada, Australia, or New Zealand. Additionally, 78 nationalities qualify for a visa upon arrival or getting an electronic visa via our portal. You can check the full list of eligible countries and apply and pay for your visa online using Egypt’s Visa online application portal, Egypt Visa; through all Egyptian Consulates; or get your visa upon arrival for 25 USD from the bank counter in the passport control area at the airport. If you’re travelling to Sharm al-Sheikh, Dahab, Nuweiba, and Taba for up to 15 days, you will receive a free entry permit stamp upon arrival. If you intend to travel out of these areas or stay longer than 15 days, you must get a visa. Some nationalities are required to process their visa applications through their nearest consulate ahead of their trip to Egypt."
35,What's the procedure for securing an Egyptian tourist visa?,"Over 180 nationalities qualify for getting a tourist visa upon arrival, provided the passport holder has a valid and used visa for the United States of America, the United Kingdom, the Schengen Area (Schengen visa), Japan, Canada, Australia, or New Zealand. Additionally, 78 nationalities qualify for a visa upon arrival or getting an electronic visa via our portal. You can check the full list of eligible countries and apply and pay for your visa online using Egypt’s Visa online application portal, Egypt Visa; through all Egyptian Consulates; or get your visa upon arrival for 25 USD from the bank counter in the passport control area at the airport. If you’re travelling to Sharm al-Sheikh, Dahab, Nuweiba, and Taba for up to 15 days, you will receive a free entry permit stamp upon arrival. If you intend to travel out of these areas or stay longer than 15 days, you must get a visa. Some nationalities are required to process their visa applications through their nearest consulate ahead of their trip to Egypt."
36,What is the method for obtaining a tourist visa to Egypt?,"Over 180 nationalities qualify for getting a tourist visa upon arrival, provided the passport holder has a valid and used visa for the United States of America, the United Kingdom, the Schengen Area (Schengen visa), Japan, Canada, Australia, or New Zealand. Additionally, 78 nationalities qualify for a visa upon arrival or getting an electronic visa via our portal. You can check the full list of eligible countries and apply and pay for your visa online using Egypt’s Visa online application portal, Egypt Visa; through all Egyptian Consulates; or get your visa upon arrival for 25 USD from the bank counter in the passport control area at the airport. If you’re travelling to Sharm al-Sheikh, Dahab, Nuweiba, and Taba for up to 15 days, you will receive a free entry permit stamp upon arrival. If you intend to travel out of these areas or stay longer than 15 days, you must get a visa. Some nationalities are required to process their visa applications through their nearest consulate ahead of their trip to Egypt."
37,How do I go about getting a tourist visa for Egypt?,"Over 180 nationalities qualify for getting a tourist visa upon arrival, provided the passport holder has a valid and used visa for the United States of America, the United Kingdom, the Schengen Area (Schengen visa), Japan, Canada, Australia, or New Zealand. Additionally, 78 nationalities qualify for a visa upon arrival or getting an electronic visa via our portal. You can check the full list of eligible countries and apply and pay for your visa online using Egypt’s Visa online application portal, Egypt Visa; through all Egyptian Consulates; or get your visa upon arrival for 25 USD from the bank counter in the passport control area at the airport. If you’re travelling to Sharm al-Sheikh, Dahab, Nuweiba, and Taba for up to 15 days, you will receive a free entry permit stamp upon arrival. If you intend to travel out of these areas or stay longer than 15 days, you must get a visa. Some nationalities are required to process their visa applications through their nearest consulate ahead of their trip to Egypt."
38,How can I secure a tourist visa for my trip to Egypt?,"Over 180 nationalities qualify for getting a tourist visa upon arrival, provided the passport holder has a valid and used visa for the United States of America, the United Kingdom, the Schengen Area (Schengen visa), Japan, Canada, Australia, or New Zealand. Additionally, 78 nationalities qualify for a visa upon arrival or getting an electronic visa via our portal. You can check the full list of eligible countries and apply and pay for your visa online using Egypt’s Visa online application portal, Egypt Visa; through all Egyptian Consulates; or get your visa upon arrival for 25 USD from the bank counter in the passport control area at the airport. If you’re travelling to Sharm al-Sheikh, Dahab, Nuweiba, and Taba for up to 15 days, you will receive a free entry permit stamp upon arrival. If you intend to travel out of these areas or stay longer than 15 days, you must get a visa. Some nationalities are required to process their visa applications through their nearest consulate ahead of their trip to Egypt."
39,What do I need to do to get a tourist visa for Egypt?,"Over 180 nationalities qualify for getting a tourist visa upon arrival, provided the passport holder has a valid and used visa for the United States of America, the United Kingdom, the Schengen Area (Schengen visa), Japan, Canada, Australia, or New Zealand. Additionally, 78 nationalities qualify for a visa upon arrival or getting an electronic visa via our portal. You can check the full list of eligible countries and apply and pay for your visa online using Egypt’s Visa online application portal, Egypt Visa; through all Egyptian Consulates; or get your visa upon arrival for 25 USD from the bank counter in the passport control area at the airport. If you’re travelling to Sharm al-Sheikh, Dahab, Nuweiba, and Taba for up to 15 days, you will receive a free entry permit stamp upon arrival. If you intend to travel out of these areas or stay longer than 15 days, you must get a visa. Some nationalities are required to process their visa applications through their nearest consulate ahead of their trip to Egypt."
40,What's the way to go about getting a tourist visa when visiting Egypt?,"Over 180 nationalities qualify for getting a tourist visa upon arrival, provided the passport holder has a valid and used visa for the United States of America, the United Kingdom, the Schengen Area (Schengen visa), Japan, Canada, Australia, or New Zealand. Additionally, 78 nationalities qualify for a visa upon arrival or getting an electronic visa via our portal. You can check the full list of eligible countries and apply and pay for your visa online using Egypt’s Visa online application portal, Egypt Visa; through all Egyptian Consulates; or get your visa upon arrival for 25 USD from the bank counter in the passport control area at the airport. If you’re travelling to Sharm al-Sheikh, Dahab, Nuweiba, and Taba for up to 15 days, you will receive a free entry permit stamp upon arrival. If you intend to travel out of these areas or stay longer than 15 days, you must get a visa. Some nationalities are required to process their visa applications through their nearest consulate ahead of their trip to Egypt."
41,What happens if I overstay my Egyptian Visa?,"If your stay exceeds its duration, you will be required to pay a fine before you board your flight."
42,What are the consequences of exceeding the allowed stay on an Egyptian Visa?,"If your stay exceeds its duration, you will be required to pay a fine before you board your flight."
43,What can occur if I stay in Egypt beyond the expiration of my visa?,"If your stay exceeds its duration, you will be required to pay a fine before you board your flight."
44,What happens if I prolong my stay in Egypt beyond the valid period of my visa?,"If your stay exceeds its duration, you will be required to pay a fine before you board your flight."
45,What are the potential outcomes if I exceed the authorized duration of my Egyptian visa?,"If your stay exceeds its duration, you will be required to pay a fine before you board your flight."
46,What kind of issues might arise if I stay in Egypt longer than my visa permits?,"If your stay exceeds its duration, you will be required to pay a fine before you board your flight."
47,What could be the repercussions of overstaying my Egyptian visa?,"If your stay exceeds its duration, you will be required to pay a fine before you board your flight."
48,What are the possible consequences if I don't leave Egypt after my visa expires?,"If your stay exceeds its duration, you will be required to pay a fine before you board your flight."
49,What actions may be taken if I remain in Egypt past the expiration date of my visa?,"If your stay exceeds its duration, you will be required to pay a fine before you board your flight."
50,What penalties or actions might I face if I continue to stay in Egypt beyond the end of my visa?,"If your stay exceeds its duration, you will be required to pay a fine before you board your flight."
51,What is the weather like in Egypt?,"Egypt’s climate is temperate and has short seasonal transitions, and its moderate winter extends from November to March and summer from May to September. Winters are cool and mild, with certain regions in the south remaining warm year-round, and summers are hot and dry with cooler, more humid weather on the Mediterranean coastline and even less humidity on the Red Sea coastline. Almost every day is a sunny day in Egypt, with average daylight ranging between 10 and 14 hours, depending on the time of year."
52,How would you describe the weather in Egypt?,"Egypt’s climate is temperate and has short seasonal transitions, and its moderate winter extends from November to March and summer from May to September. Winters are cool and mild, with certain regions in the south remaining warm year-round, and summers are hot and dry with cooler, more humid weather on the Mediterranean coastline and even less humidity on the Red Sea coastline. Almost every day is a sunny day in Egypt, with average daylight ranging between 10 and 14 hours, depending on the time of year."
53,What can you tell me about the climate in Egypt?,"Egypt’s climate is temperate and has short seasonal transitions, and its moderate winter extends from November to March and summer from May to September. Winters are cool and mild, with certain regions in the south remaining warm year-round, and summers are hot and dry with cooler, more humid weather on the Mediterranean coastline and even less humidity on the Red Sea coastline. Almost every day is a sunny day in Egypt, with average daylight ranging between 10 and 14 hours, depending on the time of year."
54,Could you provide some information about the typical weather conditions in Egypt?,"Egypt’s climate is temperate and has short seasonal transitions, and its moderate winter extends from November to March and summer from May to September. Winters are cool and mild, with certain regions in the south remaining warm year-round, and summers are hot and dry with cooler, more humid weather on the Mediterranean coastline and even less humidity on the Red Sea coastline. Almost every day is a sunny day in Egypt, with average daylight ranging between 10 and 14 hours, depending on the time of year."
55,What's the usual weather situation in Egypt like?,"Egypt’s climate is temperate and has short seasonal transitions, and its moderate winter extends from November to March and summer from May to September. Winters are cool and mild, with certain regions in the south remaining warm year-round, and summers are hot and dry with cooler, more humid weather on the Mediterranean coastline and even less humidity on the Red Sea coastline. Almost every day is a sunny day in Egypt, with average daylight ranging between 10 and 14 hours, depending on the time of year."
56,What kind of weather can one expect to experience in Egypt?,"Egypt’s climate is temperate and has short seasonal transitions, and its moderate winter extends from November to March and summer from May to September. Winters are cool and mild, with certain regions in the south remaining warm year-round, and summers are hot and dry with cooler, more humid weather on the Mediterranean coastline and even less humidity on the Red Sea coastline. Almost every day is a sunny day in Egypt, with average daylight ranging between 10 and 14 hours, depending on the time of year."
57,What's the general weather outlook in Egypt?,"Egypt’s climate is temperate and has short seasonal transitions, and its moderate winter extends from November to March and summer from May to September. Winters are cool and mild, with certain regions in the south remaining warm year-round, and summers are hot and dry with cooler, more humid weather on the Mediterranean coastline and even less humidity on the Red Sea coastline. Almost every day is a sunny day in Egypt, with average daylight ranging between 10 and 14 hours, depending on the time of year."
58,How would you characterize the climate in Egypt?,"Egypt’s climate is temperate and has short seasonal transitions, and its moderate winter extends from November to March and summer from May to September. Winters are cool and mild, with certain regions in the south remaining warm year-round, and summers are hot and dry with cooler, more humid weather on the Mediterranean coastline and even less humidity on the Red Sea coastline. Almost every day is a sunny day in Egypt, with average daylight ranging between 10 and 14 hours, depending on the time of year."
59,What's the atmospheric condition like in Egypt?,"Egypt’s climate is temperate and has short seasonal transitions, and its moderate winter extends from November to March and summer from May to September. Winters are cool and mild, with certain regions in the south remaining warm year-round, and summers are hot and dry with cooler, more humid weather on the Mediterranean coastline and even less humidity on the Red Sea coastline. Almost every day is a sunny day in Egypt, with average daylight ranging between 10 and 14 hours, depending on the time of year."
60,What's the prevailing weather pattern in Egypt?,"Egypt’s climate is temperate and has short seasonal transitions, and its moderate winter extends from November to March and summer from May to September. Winters are cool and mild, with certain regions in the south remaining warm year-round, and summers are hot and dry with cooler, more humid weather on the Mediterranean coastline and even less humidity on the Red Sea coastline. Almost every day is a sunny day in Egypt, with average daylight ranging between 10 and 14 hours, depending on the time of year."
61,What do I need to pack?,"Light, loose cotton clothing is highly recommended when visiting Egypt, and a light-medium jacket or windbreaker should be sufficient if you’re visiting during fall or winter. Make sure to pack all your hot and sunny weather essentials: sunscreen, lip balm, a hat, and sunglasses! Carrying a scarf or light cardigan is encouraged, as visitors will be expected to cover their arms and legs when visiting certain landmarks and sites, such as mosques, churches, and synagogues. Don’t forget comfortable shoes for visiting archaeological sites."
62,What should I include in my packing list?,"Light, loose cotton clothing is highly recommended when visiting Egypt, and a light-medium jacket or windbreaker should be sufficient if you’re visiting during fall or winter. Make sure to pack all your hot and sunny weather essentials: sunscreen, lip balm, a hat, and sunglasses! Carrying a scarf or light cardigan is encouraged, as visitors will be expected to cover their arms and legs when visiting certain landmarks and sites, such as mosques, churches, and synagogues. Don’t forget comfortable shoes for visiting archaeological sites."
63,What items should I make sure to pack for my trip?,"Light, loose cotton clothing is highly recommended when visiting Egypt, and a light-medium jacket or windbreaker should be sufficient if you’re visiting during fall or winter. Make sure to pack all your hot and sunny weather essentials: sunscreen, lip balm, a hat, and sunglasses! Carrying a scarf or light cardigan is encouraged, as visitors will be expected to cover their arms and legs when visiting certain landmarks and sites, such as mosques, churches, and synagogues. Don’t forget comfortable shoes for visiting archaeological sites."
64,What are the essential things I should pack for my journey?,"Light, loose cotton clothing is highly recommended when visiting Egypt, and a light-medium jacket or windbreaker should be sufficient if you’re visiting during fall or winter. Make sure to pack all your hot and sunny weather essentials: sunscreen, lip balm, a hat, and sunglasses! Carrying a scarf or light cardigan is encouraged, as visitors will be expected to cover their arms and legs when visiting certain landmarks and sites, such as mosques, churches, and synagogues. Don’t forget comfortable shoes for visiting archaeological sites."
65,What items are recommended for me to pack for my travels?,"Light, loose cotton clothing is highly recommended when visiting Egypt, and a light-medium jacket or windbreaker should be sufficient if you’re visiting during fall or winter. Make sure to pack all your hot and sunny weather essentials: sunscreen, lip balm, a hat, and sunglasses! Carrying a scarf or light cardigan is encouraged, as visitors will be expected to cover their arms and legs when visiting certain landmarks and sites, such as mosques, churches, and synagogues. Don’t forget comfortable shoes for visiting archaeological sites."
66,What should I have on my packing checklist before I go?,"Light, loose cotton clothing is highly recommended when visiting Egypt, and a light-medium jacket or windbreaker should be sufficient if you’re visiting during fall or winter. Make sure to pack all your hot and sunny weather essentials: sunscreen, lip balm, a hat, and sunglasses! Carrying a scarf or light cardigan is encouraged, as visitors will be expected to cover their arms and legs when visiting certain landmarks and sites, such as mosques, churches, and synagogues. Don’t forget comfortable shoes for visiting archaeological sites."
67,What are some things I shouldn't forget to pack for my trip?,"Light, loose cotton clothing is highly recommended when visiting Egypt, and a light-medium jacket or windbreaker should be sufficient if you’re visiting during fall or winter. Make sure to pack all your hot and sunny weather essentials: sunscreen, lip balm, a hat, and sunglasses! Carrying a scarf or light cardigan is encouraged, as visitors will be expected to cover their arms and legs when visiting certain landmarks and sites, such as mosques, churches, and synagogues. Don’t forget comfortable shoes for visiting archaeological sites."
68,What are some items that I shouldn't overlook when packing for my trip?,"Light, loose cotton clothing is highly recommended when visiting Egypt, and a light-medium jacket or windbreaker should be sufficient if you’re visiting during fall or winter. Make sure to pack all your hot and sunny weather essentials: sunscreen, lip balm, a hat, and sunglasses! Carrying a scarf or light cardigan is encouraged, as visitors will be expected to cover their arms and legs when visiting certain landmarks and sites, such as mosques, churches, and synagogues. Don’t forget comfortable shoes for visiting archaeological sites."
69,What are some important things to remember to pack before I leave?,"Light, loose cotton clothing is highly recommended when visiting Egypt, and a light-medium jacket or windbreaker should be sufficient if you’re visiting during fall or winter. Make sure to pack all your hot and sunny weather essentials: sunscreen, lip balm, a hat, and sunglasses! Carrying a scarf or light cardigan is encouraged, as visitors will be expected to cover their arms and legs when visiting certain landmarks and sites, such as mosques, churches, and synagogues. Don’t forget comfortable shoes for visiting archaeological sites."
70,What should I ensure is in my suitcase before I depart?,"Light, loose cotton clothing is highly recommended when visiting Egypt, and a light-medium jacket or windbreaker should be sufficient if you’re visiting during fall or winter. Make sure to pack all your hot and sunny weather essentials: sunscreen, lip balm, a hat, and sunglasses! Carrying a scarf or light cardigan is encouraged, as visitors will be expected to cover their arms and legs when visiting certain landmarks and sites, such as mosques, churches, and synagogues. Don’t forget comfortable shoes for visiting archaeological sites."
71,Is there a special dress code for certain places?,"If you are planning to visit mosques, churches, or any place of worship in Egypt, bring a headscarf and dress modestly; shoulders and legs must be covered. If you are visiting a fine dining establishment or attending a special event, you should dress accordingly."
72,Are there specific dress guidelines for particular locations?,"If you are planning to visit mosques, churches, or any place of worship in Egypt, bring a headscarf and dress modestly; shoulders and legs must be covered. If you are visiting a fine dining establishment or attending a special event, you should dress accordingly."
73,Do certain places have dress code requirements that I should be aware of?,"If you are planning to visit mosques, churches, or any place of worship in Egypt, bring a headscarf and dress modestly; shoulders and legs must be covered. If you are visiting a fine dining establishment or attending a special event, you should dress accordingly."
74,Are there any specific clothing guidelines I need to follow for certain places?,"If you are planning to visit mosques, churches, or any place of worship in Egypt, bring a headscarf and dress modestly; shoulders and legs must be covered. If you are visiting a fine dining establishment or attending a special event, you should dress accordingly."
75,Should I be mindful of any particular dress codes for specific places?,"If you are planning to visit mosques, churches, or any place of worship in Egypt, bring a headscarf and dress modestly; shoulders and legs must be covered. If you are visiting a fine dining establishment or attending a special event, you should dress accordingly."
76,Do certain destinations in Egypt have specific dress code expectations?,"If you are planning to visit mosques, churches, or any place of worship in Egypt, bring a headscarf and dress modestly; shoulders and legs must be covered. If you are visiting a fine dining establishment or attending a special event, you should dress accordingly."
77,Are there any places in Egypt where I should adhere to particular dress codes?,"If you are planning to visit mosques, churches, or any place of worship in Egypt, bring a headscarf and dress modestly; shoulders and legs must be covered. If you are visiting a fine dining establishment or attending a special event, you should dress accordingly."
78,"In Egypt, are there specific locations that enforce dress code rules?","If you are planning to visit mosques, churches, or any place of worship in Egypt, bring a headscarf and dress modestly; shoulders and legs must be covered. If you are visiting a fine dining establishment or attending a special event, you should dress accordingly."
79,Are there places within Egypt that require adherence to specific dress codes?,"If you are planning to visit mosques, churches, or any place of worship in Egypt, bring a headscarf and dress modestly; shoulders and legs must be covered. If you are visiting a fine dining establishment or attending a special event, you should dress accordingly."
80,Are there any spots in Egypt where I should follow particular dress code regulations?,"If you are planning to visit mosques, churches, or any place of worship in Egypt, bring a headscarf and dress modestly; shoulders and legs must be covered. If you are visiting a fine dining establishment or attending a special event, you should dress accordingly."
81,What should I do if I experience a problem during my stay/how do I file a complaint?,"If you encounter any problems, please make sure to communicate with your hotel reception desk immediately. If need be, you can call the Ministry of Tourism and Antiquities’ hotline (+2 19654) or send an email to: call_centre@tourism.gov.eg Inquiries and complaints will be addressed For serious matters, please don’t hesitate to contact the tourism police (126). promptly."
82,"If I encounter an issue during my stay, what steps should I take to address it or file a complaint?","If you encounter any problems, please make sure to communicate with your hotel reception desk immediately. If need be, you can call the Ministry of Tourism and Antiquities’ hotline (+2 19654) or send an email to: call_centre@tourism.gov.eg Inquiries and complaints will be addressed For serious matters, please don’t hesitate to contact the tourism police (126). promptly."
83,"In case of any problems during my stay, how can I go about lodging a complaint or seeking assistance?","If you encounter any problems, please make sure to communicate with your hotel reception desk immediately. If need be, you can call the Ministry of Tourism and Antiquities’ hotline (+2 19654) or send an email to: call_centre@tourism.gov.eg Inquiries and complaints will be addressed For serious matters, please don’t hesitate to contact the tourism police (126). promptly."
84,What is the recommended procedure for addressing problems or filing a complaint during my stay in Egypt?,"If you encounter any problems, please make sure to communicate with your hotel reception desk immediately. If need be, you can call the Ministry of Tourism and Antiquities’ hotline (+2 19654) or send an email to: call_centre@tourism.gov.eg Inquiries and complaints will be addressed For serious matters, please don’t hesitate to contact the tourism police (126). promptly."
85,"If I face a problem while staying in Egypt, what is the appropriate way to report it or file a complaint?","If you encounter any problems, please make sure to communicate with your hotel reception desk immediately. If need be, you can call the Ministry of Tourism and Antiquities’ hotline (+2 19654) or send an email to: call_centre@tourism.gov.eg Inquiries and complaints will be addressed For serious matters, please don’t hesitate to contact the tourism police (126). promptly."
86,"If I encounter any issues during my stay in Egypt, how should I go about raising a concern or making a complaint?","If you encounter any problems, please make sure to communicate with your hotel reception desk immediately. If need be, you can call the Ministry of Tourism and Antiquities’ hotline (+2 19654) or send an email to: call_centre@tourism.gov.eg Inquiries and complaints will be addressed For serious matters, please don’t hesitate to contact the tourism police (126). promptly."
87,"If I run into any difficulties during my time in Egypt, what's the best course of action for addressing them or filing a complaint?","If you encounter any problems, please make sure to communicate with your hotel reception desk immediately. If need be, you can call the Ministry of Tourism and Antiquities’ hotline (+2 19654) or send an email to: call_centre@tourism.gov.eg Inquiries and complaints will be addressed For serious matters, please don’t hesitate to contact the tourism police (126). promptly."
88,"If I come across any challenges during my stay in Egypt, what's the recommended way to handle them or submit a complaint?","If you encounter any problems, please make sure to communicate with your hotel reception desk immediately. If need be, you can call the Ministry of Tourism and Antiquities’ hotline (+2 19654) or send an email to: call_centre@tourism.gov.eg Inquiries and complaints will be addressed For serious matters, please don’t hesitate to contact the tourism police (126). promptly."
89,"If I experience any problems while in Egypt, what should I do to report the issue or file a complaint?","If you encounter any problems, please make sure to communicate with your hotel reception desk immediately. If need be, you can call the Ministry of Tourism and Antiquities’ hotline (+2 19654) or send an email to: call_centre@tourism.gov.eg Inquiries and complaints will be addressed For serious matters, please don’t hesitate to contact the tourism police (126). promptly."
90,"If I encounter any issues during my stay in Egypt, how can I go about registering a complaint or seeking assistance?","If you encounter any problems, please make sure to communicate with your hotel reception desk immediately. If need be, you can call the Ministry of Tourism and Antiquities’ hotline (+2 19654) or send an email to: call_centre@tourism.gov.eg Inquiries and complaints will be addressed For serious matters, please don’t hesitate to contact the tourism police (126). promptly."
91,Is it easy to travel on domestic flights in Egypt?,"Yes, you may ask your tour operator or an officially-authorized travel agency for detailed information regarding domestic flights."
92,How convenient is it to travel using domestic flights within Egypt?,"Yes, you may ask your tour operator or an officially-authorized travel agency for detailed information regarding domestic flights."
93,Are domestic flights in Egypt generally easy to use for travel?,"Yes, you may ask your tour operator or an officially-authorized travel agency for detailed information regarding domestic flights."
94,Are domestic flights a convenient option for traveling within Egypt?,"Yes, you may ask your tour operator or an officially-authorized travel agency for detailed information regarding domestic flights."
95,Is it hassle-free to use domestic flights for travel within Egypt?,"Yes, you may ask your tour operator or an officially-authorized travel agency for detailed information regarding domestic flights."
96,Are domestic flights within Egypt a user-friendly option for travel?,"Yes, you may ask your tour operator or an officially-authorized travel agency for detailed information regarding domestic flights."
97,Are domestic flights a straightforward choice for travel within Egypt?,"Yes, you may ask your tour operator or an officially-authorized travel agency for detailed information regarding domestic flights."
98,Are domestic flights within Egypt relatively straightforward for travel purposes?,"Yes, you may ask your tour operator or an officially-authorized travel agency for detailed information regarding domestic flights."
99,Is traveling via domestic flights in Egypt relatively uncomplicated?,"Yes, you may ask your tour operator or an officially-authorized travel agency for detailed information regarding domestic flights."
100,Are domestic flights in Egypt known for being relatively hassle-free for travelers?,"Yes, you may ask your tour operator or an officially-authorized travel agency for detailed information regarding domestic flights."
101,How can I buy entry tickets to archaeological sites and museums?,You can purchase entry tickets at the door or online via the Ministry of Tourism and Antiquities’ official website at: https://egymonuments.gov.eg/en
102,What is the process for purchasing entry tickets to archaeological sites and museums?,You can purchase entry tickets at the door or online via the Ministry of Tourism and Antiquities’ official website at: https://egymonuments.gov.eg/en
103,How do I go about obtaining tickets for entry to archaeological sites and museums?,You can purchase entry tickets at the door or online via the Ministry of Tourism and Antiquities’ official website at: https://egymonuments.gov.eg/en
104,What is the procedure for acquiring admission tickets to archaeological sites and museums?,You can purchase entry tickets at the door or online via the Ministry of Tourism and Antiquities’ official website at: https://egymonuments.gov.eg/en
105,How can I secure entry tickets for archaeological sites and museums?,You can purchase entry tickets at the door or online via the Ministry of Tourism and Antiquities’ official website at: https://egymonuments.gov.eg/en
106,Where and how can I purchase tickets to access archaeological sites and museums?,You can purchase entry tickets at the door or online via the Ministry of Tourism and Antiquities’ official website at: https://egymonuments.gov.eg/en
107,What is the method for procuring tickets to enter archaeological sites and museums?,You can purchase entry tickets at the door or online via the Ministry of Tourism and Antiquities’ official website at: https://egymonuments.gov.eg/en
108,Where should I purchase tickets in order to visit archaeological sites and museums?,You can purchase entry tickets at the door or online via the Ministry of Tourism and Antiquities’ official website at: https://egymonuments.gov.eg/en
109,Where can I go to buy tickets for entry to archaeological sites and museums?,You can purchase entry tickets at the door or online via the Ministry of Tourism and Antiquities’ official website at: https://egymonuments.gov.eg/en
110,What are the options available to buy tickets for entry into archaeological sites and museums?,You can purchase entry tickets at the door or online via the Ministry of Tourism and Antiquities’ official website at: https://egymonuments.gov.eg/en
111,Are there any restrictions on photography that I should know about?,"Taking photos and recording videos using any type of camera for personal use (non-commercial purposes) in public areas is allowed no permits required—and is free of charge. Taking photos of children is forbidden, and Egyptian citizens can only be photographed after obtaining their written permission. Using mobile phones, cameras, and video cameras at archaeological sites for personal use is allowed. Taking photos inside museums and at indoor archaeological sites is only allowed if the camera’s flash is disabled."
112,Are there any specific rules or limitations regarding photography that I should be aware of?,"Taking photos and recording videos using any type of camera for personal use (non-commercial purposes) in public areas is allowed no permits required—and is free of charge. Taking photos of children is forbidden, and Egyptian citizens can only be photographed after obtaining their written permission. Using mobile phones, cameras, and video cameras at archaeological sites for personal use is allowed. Taking photos inside museums and at indoor archaeological sites is only allowed if the camera’s flash is disabled."
113,Should I be mindful of any photography restrictions or guidelines in certain places?,"Taking photos and recording videos using any type of camera for personal use (non-commercial purposes) in public areas is allowed no permits required—and is free of charge. Taking photos of children is forbidden, and Egyptian citizens can only be photographed after obtaining their written permission. Using mobile phones, cameras, and video cameras at archaeological sites for personal use is allowed. Taking photos inside museums and at indoor archaeological sites is only allowed if the camera’s flash is disabled."
114,Are there any regulations or guidelines I should follow regarding photography in certain locations?,"Taking photos and recording videos using any type of camera for personal use (non-commercial purposes) in public areas is allowed no permits required—and is free of charge. Taking photos of children is forbidden, and Egyptian citizens can only be photographed after obtaining their written permission. Using mobile phones, cameras, and video cameras at archaeological sites for personal use is allowed. Taking photos inside museums and at indoor archaeological sites is only allowed if the camera’s flash is disabled."
115,Is there any information I should be aware of regarding photography restrictions in certain areas?,"Taking photos and recording videos using any type of camera for personal use (non-commercial purposes) in public areas is allowed no permits required—and is free of charge. Taking photos of children is forbidden, and Egyptian citizens can only be photographed after obtaining their written permission. Using mobile phones, cameras, and video cameras at archaeological sites for personal use is allowed. Taking photos inside museums and at indoor archaeological sites is only allowed if the camera’s flash is disabled."
116,Are there any specific rules or protocols I need to consider regarding photography in particular places?,"Taking photos and recording videos using any type of camera for personal use (non-commercial purposes) in public areas is allowed no permits required—and is free of charge. Taking photos of children is forbidden, and Egyptian citizens can only be photographed after obtaining their written permission. Using mobile phones, cameras, and video cameras at archaeological sites for personal use is allowed. Taking photos inside museums and at indoor archaeological sites is only allowed if the camera’s flash is disabled."
117,What do I need to keep in mind about photography rules and limitations in certain spots?,"Taking photos and recording videos using any type of camera for personal use (non-commercial purposes) in public areas is allowed no permits required—and is free of charge. Taking photos of children is forbidden, and Egyptian citizens can only be photographed after obtaining their written permission. Using mobile phones, cameras, and video cameras at archaeological sites for personal use is allowed. Taking photos inside museums and at indoor archaeological sites is only allowed if the camera’s flash is disabled."
118,Are there any special considerations I should remember regarding photography restrictions in certain places?,"Taking photos and recording videos using any type of camera for personal use (non-commercial purposes) in public areas is allowed no permits required—and is free of charge. Taking photos of children is forbidden, and Egyptian citizens can only be photographed after obtaining their written permission. Using mobile phones, cameras, and video cameras at archaeological sites for personal use is allowed. Taking photos inside museums and at indoor archaeological sites is only allowed if the camera’s flash is disabled."
119,"When it comes to photography, are there any specific rules or guidelines that I should be mindful of in certain locations?","Taking photos and recording videos using any type of camera for personal use (non-commercial purposes) in public areas is allowed no permits required—and is free of charge. Taking photos of children is forbidden, and Egyptian citizens can only be photographed after obtaining their written permission. Using mobile phones, cameras, and video cameras at archaeological sites for personal use is allowed. Taking photos inside museums and at indoor archaeological sites is only allowed if the camera’s flash is disabled."
120,Are there any regulations or guidelines I should be aware of regarding photography limitations in specific areas?,"Taking photos and recording videos using any type of camera for personal use (non-commercial purposes) in public areas is allowed no permits required—and is free of charge. Taking photos of children is forbidden, and Egyptian citizens can only be photographed after obtaining their written permission. Using mobile phones, cameras, and video cameras at archaeological sites for personal use is allowed. Taking photos inside museums and at indoor archaeological sites is only allowed if the camera’s flash is disabled."
121,Good morning,Hi! How can I assist you today?
122,Hello!,Hi! How can I assist you today?
123,Hi,Hi! How can I assist you today?
124,Hey,Hi! How can I assist you today?
125,Yo!,Hi! How can I assist you today?
126,What’s up?,Hi! How can I assist you today?
127,Sup,Hi! How can I assist you today?
128,Hi there! ,Hi! How can I assist you today?
129,Good evening,Hi! How can I assist you today?
130,Good afternoon,Hi! How can I assist you today?
